<application>
  <component name="CodeInsightSettings">
    <option name="completionCaseSensitive" value="2" />
    <option name="selectAutopopupSuggestionsByChars" value="true" />
    <option name="AUTO_POPUP_JAVADOC_INFO" value="true" />
    <option name="COMPLETION_CASE_SENSITIVE" value="2" />
    <option name="SELECT_AUTOPOPUP_SUGGESTIONS_BY_CHARS" value="true" />
    <option name="AUTOCOMPLETE_ON_CODE_COMPLETION" value="false" />
    <option name="INSERT_BRACE_ON_ENTER" value="false" />
  </component>
  <component name="DefaultFont">
    <option name="SECONDARY_FONT_FAMILY" value="Consolas" />
  </component>
  <component name="EditorSettings">
    <option name="USE_SOFT_WRAPS" value="CONSOLE:PREVIEW" />
    <option name="STRIP_TRAILING_SPACES" value="None" />
    <option name="IS_WHEEL_FONTCHANGE_ENABLED" value="true" />
  </component>
  <component name="InlayHintsSettings">
    <option name="lastViewedProviderKeyId" value="parameter.hints.old" />
  </component>
  <component name="JSEditorOptions">
    <option name="ESCAPE_PASTED_TEXT" value="false" />
    <option name="CONVERT_HTML_TO_JSX" value="false" />
  </component>
  <component name="JsonEditorOptions">
    <option name="COMMA_ON_ENTER" value="false" />
    <option name="COMMA_ON_MATCHING_BRACES" value="false" />
    <option name="COMMA_ON_PASTE" value="false" />
    <option name="AUTO_QUOTE_PROP_NAME" value="false" />
    <option name="AUTO_WHITESPACE_AFTER_COLON" value="false" />
    <option name="ESCAPE_PASTED_TEXT" value="false" />
  </component>
  <component name="TodoConfiguration">
    <pattern icon="important" useCustomColors="true" pattern="(?&lt;=\W|^)(?&lt;TAG&gt;BUG)(\W|$)(.*)">
      <option name="FOREGROUND" value="cc000b" />
      <option name="FONT_TYPE" value="3" />
      <option name="EFFECT_COLOR" value="323232" />
      <option name="ERROR_STRIPE_COLOR" value="cc0008" />
      <option name="EFFECT_TYPE" value="2" />
    </pattern>
    <pattern useCustomColors="true" pattern="(?&lt;=\W|^)(?&lt;TAG&gt;TODO)(\W|$)(.*)">
      <option name="FOREGROUND" value="66c3cc" />
      <option name="FONT_TYPE" value="3" />
      <option name="EFFECT_COLOR" value="323232" />
      <option name="ERROR_STRIPE_COLOR" value="66c3cc" />
    </pattern>
    <pattern pattern="\bNotImplementedException\b" />
  </component>
  <component name="YamlEditorOptions">
    <option name="useSmartPaste" value="false" />
  </component>
</application>