<application>
  <component name="UISettings">
    <option name="ACTIVATE_MRU_EDITOR_ON_CLOSE" value="true" />
    <option name="CLOSE_NON_MODIFIED_FILES_FIRST" value="true" />
    <option name="CONSOLE_COMMAND_HISTORY_LIMIT" value="1000" />
    <option name="EDITOR_TAB_LIMIT" value="30" />
    <option name="FULL_PATHS_IN_TITLE_BAR" value="true" />
    <option name="MARK_MODIFIED_TABS_WITH_ASTERISK" value="true" />
    <option name="MAX_LOOKUP_WIDTH2" value="1000" />
    <option name="RECENT_LOCATIONS_LIMIT" value="50" />
    <option name="SCROLL_TAB_LAYOUT_IN_EDITOR" value="false" />
    <option name="USE_SMALL_LABELS_ON_TABS" value="true" />
  </component>
</application>