<application>
  <component name="UpdatesConfigurable">
    <option name="CHECK_NEEDED" value="false" />
    <ignoredBuildNumbers>
      <item value="203.7717.10" />
    </ignoredBuildNumbers>
    <option name="LAST_BUILD_CHECKED" value="RD-203.7148.23" />
    <option name="LAST_TIME_CHECKED" value="1655084715609" />
    <pluginHosts>
      <item value="https://plugins.zhile.io" />
      <item value="https://repo.idechajian.com" />
    </pluginHosts>
    <option name="THIRD_PARTY_PLUGINS_ALLOWED" value="true" />
  </component>
</application>